start,end,name
0.0,2069.731,PASSIVE_EXPERIMENT
0.0,5.501,TRIAL
0.0,5.5,STIM_00ferretmixed41.wav
0.0,5.5,REFERENCE
0.0,2.0,PreStimSilence
5.0,5.5,PostStimSilence
6.02,11.521,TRIAL
6.02,11.52,STIM_ferretmixed03.wav
6.02,11.52,REFERENCE
6.02,8.02,PreStimSilence
11.02,11.52,PostStimSilence
11.94,17.441,TRIAL
11.94,17.439999999999998,STIM_00ferretmixed41.wav
11.94,17.439999999999998,REFERENCE
11.94,13.94,PreStimSilence
16.939999999999998,17.439999999999998,PostStimSilence
17.88,23.381,TRIAL
17.88,23.38,STIM_crunching_cellophane.wav
17.88,23.38,REFERENCE
17.88,19.88,PreStimSilence
22.88,23.38,PostStimSilence
24.07,29.571,TRIAL
24.07,29.57,"STIM_ESE-23_Sparrows_-_Large_excited_group,.wav"
24.07,29.57,REFERENCE
24.07,26.07,PreStimSilence
29.07,29.57,PostStimSilence
30.05,35.551,TRIAL
30.05,35.55,STIM_ross_bird_chorus60_pt1.wav
30.05,35.55,REFERENCE
30.05,32.05,PreStimSilence
35.05,35.55,PostStimSilence
36.14,41.641,TRIAL
36.14,41.64,STIM_frogs2.wav
36.14,41.64,REFERENCE
36.14,38.14,PreStimSilence
41.14,41.64,PostStimSilence
42.29,47.791,TRIAL
42.29,47.79,STIM_SoundBible_falcon_squirrel.wav
42.29,47.79,REFERENCE
42.29,44.29,PreStimSilence
47.29,47.79,PostStimSilence
48.27,53.771,TRIAL
48.27,53.77,STIM_ferretmixed22.wav
48.27,53.77,REFERENCE
48.27,50.27,PreStimSilence
53.27,53.77,PostStimSilence
54.18,59.681,TRIAL
54.18,59.68,STIM_SE2-70_Bee_Swarm.wav
54.18,59.68,REFERENCE
54.18,56.18,PreStimSilence
59.18,59.68,PostStimSilence
60.17,65.671,TRIAL
60.17,65.67,STIM_kayser_moo.wav
60.17,65.67,REFERENCE
60.17,62.17,PreStimSilence
65.17,65.67,PostStimSilence
66.18,71.68100000000001,TRIAL
66.18,71.68,STIM_ferretmixed29.wav
66.18,71.68,REFERENCE
66.18,68.18,PreStimSilence
71.18,71.68,PostStimSilence
72.19,77.691,TRIAL
72.19,77.69,STIM_si464.wav
72.19,77.69,REFERENCE
72.19,74.19,PreStimSilence
77.19,77.69,PostStimSilence
78.18,83.68100000000001,TRIAL
78.18,83.68,STIM_kayser_tropical_insects.wav
78.18,83.68,REFERENCE
78.18,80.18,PreStimSilence
83.18,83.68,PostStimSilence
84.14,89.641,TRIAL
84.14,89.64,STIM_00ferretmixed41.wav
84.14,89.64,REFERENCE
84.14,86.14,PreStimSilence
89.14,89.64,PostStimSilence
90.09,95.59100000000001,TRIAL
90.09,95.59,STIM_ASE-53_Electric_Grinding_Wheel.wav
90.09,95.59,REFERENCE
90.09,92.09,PreStimSilence
95.09,95.59,PostStimSilence
96.08,101.581,TRIAL
96.08,101.58,STIM_SoundBible_racoon_cow.wav
96.08,101.58,REFERENCE
96.08,98.08,PreStimSilence
101.08,101.58,PostStimSilence
102.17,107.671,TRIAL
102.17,107.67,STIM_SE2-56_Rattlesnake.wav
102.17,107.67,REFERENCE
102.17,104.17,PreStimSilence
107.17,107.67,PostStimSilence
108.1,113.601,TRIAL
108.1,113.6,STIM_ferretmixed06.wav
108.1,113.6,REFERENCE
108.1,110.1,PreStimSilence
113.1,113.6,PostStimSilence
114.17,119.671,TRIAL
114.17,119.67,STIM_00Oxford_male2b.wav
114.17,119.67,REFERENCE
114.17,116.17,PreStimSilence
119.17,119.67,PostStimSilence
120.24,125.741,TRIAL
120.24,125.74,STIM_LBHB_stairs2.wav
120.24,125.74,REFERENCE
120.24,122.24,PreStimSilence
125.24,125.74,PostStimSilence
126.24,131.74099999999999,TRIAL
126.24,131.74,STIM_Music-Kenya_Os_Ipanemas.wav
126.24,131.74,REFERENCE
126.24,128.24,PreStimSilence
131.24,131.74,PostStimSilence
132.32,137.821,TRIAL
132.32,137.82,STIM_SE3-02_Brushing_Teeth.wav
132.32,137.82,REFERENCE
132.32,134.32,PreStimSilence
137.32,137.82,PostStimSilence
138.33,143.83100000000002,TRIAL
138.33,143.83,STIM_Music-Disco_Circus.wav
138.33,143.83,REFERENCE
138.33,140.33,PreStimSilence
143.33,143.83,PostStimSilence
144.36,149.86100000000002,TRIAL
144.36,149.86,STIM_crumpling_paper.wav
144.36,149.86,REFERENCE
144.36,146.36,PreStimSilence
149.36,149.86,PostStimSilence
150.35,155.851,TRIAL
150.35,155.85,STIM_00ferretmixed42.wav
150.35,155.85,REFERENCE
150.35,152.35,PreStimSilence
155.35,155.85,PostStimSilence
156.41,161.911,TRIAL
156.41,161.91,STIM_00ferretmixed41.wav
156.41,161.91,REFERENCE
156.41,158.41,PreStimSilence
161.41,161.91,PostStimSilence
162.53,168.031,TRIAL
162.53,168.03,STIM_ESE-68_Church_bells.wav
162.53,168.03,REFERENCE
162.53,164.53,PreStimSilence
167.53,168.03,PostStimSilence
168.53,174.031,TRIAL
168.53,174.03,STIM_00ferretmixed42.wav
168.53,174.03,REFERENCE
168.53,170.53,PreStimSilence
173.53,174.03,PostStimSilence
174.48,179.981,TRIAL
174.48,179.98,STIM_ASE-05_Blender.wav
174.48,179.98,REFERENCE
174.48,176.48,PreStimSilence
179.48,179.98,PostStimSilence
180.41,185.911,TRIAL
180.41,185.91,STIM_ferretmixed30.wav
180.41,185.91,REFERENCE
180.41,182.41,PreStimSilence
185.41,185.91,PostStimSilence
186.53,192.031,TRIAL
186.53,192.03,STIM_SoundBible_mechanical_hammer.wav
186.53,192.03,REFERENCE
186.53,188.53,PreStimSilence
191.53,192.03,PostStimSilence
192.57,198.071,TRIAL
192.57,198.07,STIM_SoundBible_barrded_owl.wav
192.57,198.07,REFERENCE
192.57,194.57,PreStimSilence
197.57,198.07,PostStimSilence
198.52,204.02100000000002,TRIAL
198.52,204.02,STIM_ferretmixed02.wav
198.52,204.02,REFERENCE
198.52,200.52,PreStimSilence
203.52,204.02,PostStimSilence
204.5,210.001,TRIAL
204.5,210.0,STIM_00Oxford_male2b.wav
204.5,210.0,REFERENCE
204.5,206.5,PreStimSilence
209.5,210.0,PostStimSilence
210.59,216.091,TRIAL
210.59,216.09,STIM_LBHB_scratch2.wav
210.59,216.09,REFERENCE
210.59,212.59,PreStimSilence
215.59,216.09,PostStimSilence
216.69,222.191,TRIAL
216.69,222.19,STIM_ferretmixed17.wav
216.69,222.19,REFERENCE
216.69,218.69,PreStimSilence
221.69,222.19,PostStimSilence
222.73,228.231,TRIAL
222.73,228.23,STIM_ferretmixed15.wav
222.73,228.23,REFERENCE
222.73,224.73,PreStimSilence
227.73,228.23,PostStimSilence
228.77,234.27100000000002,TRIAL
228.77,234.27,STIM_ferretmixed19.wav
228.77,234.27,REFERENCE
228.77,230.77,PreStimSilence
233.77,234.27,PostStimSilence
234.74,240.241,TRIAL
234.74,240.24,STIM_ASE-71_IBM_Electric_Typewriter.wav
234.74,240.24,REFERENCE
234.74,236.74,PreStimSilence
239.74,240.24,PostStimSilence
240.97,246.471,TRIAL
240.97,246.47,STIM_ASE-58_Raking_Leaves_On_Asphalt.wav
240.97,246.47,REFERENCE
240.97,242.97,PreStimSilence
245.97,246.47,PostStimSilence
247.04,252.541,TRIAL
247.04,252.54,STIM_SoundBible_water.wav
247.04,252.54,REFERENCE
247.04,249.04,PreStimSilence
252.04,252.54,PostStimSilence
253.01,258.51099999999997,TRIAL
253.01,258.51,STIM_00ferretmixed41.wav
253.01,258.51,REFERENCE
253.01,255.01,PreStimSilence
258.01,258.51,PostStimSilence
259.1,264.60200000000003,TRIAL
259.1,264.6,STIM_00ferretmixed42.wav
259.1,264.6,REFERENCE
259.1,261.1,PreStimSilence
264.1,264.6,PostStimSilence
265.08,270.58099999999996,TRIAL
265.08,270.58,STIM_ferretmixed26.wav
265.08,270.58,REFERENCE
265.08,267.08,PreStimSilence
270.08,270.58,PostStimSilence
271.11,276.611,TRIAL
271.11,276.61,STIM_ferretmixed10.wav
271.11,276.61,REFERENCE
271.11,273.11,PreStimSilence
276.11,276.61,PostStimSilence
277.21,282.71099999999996,TRIAL
277.21,282.71,STIM_si1230.wav
277.21,282.71,REFERENCE
277.21,279.21,PreStimSilence
282.21,282.71,PostStimSilence
283.35,288.851,TRIAL
283.35,288.85,STIM_scratching_beard.wav
283.35,288.85,REFERENCE
283.35,285.35,PreStimSilence
288.35,288.85,PostStimSilence
289.3,294.801,TRIAL
289.3,294.8,STIM_ESE-25_Chickens_-_Alarmed_squawking.wav
289.3,294.8,REFERENCE
289.3,291.3,PreStimSilence
294.3,294.8,PostStimSilence
295.37,300.871,TRIAL
295.37,300.87,STIM_00ferretmixed42.wav
295.37,300.87,REFERENCE
295.37,297.37,PreStimSilence
300.37,300.87,PostStimSilence
301.32,306.82099999999997,TRIAL
301.32,306.82,STIM_00ferretmixed41.wav
301.32,306.82,REFERENCE
301.32,303.32,PreStimSilence
306.32,306.82,PostStimSilence
307.27,312.77099999999996,TRIAL
307.27,312.77,STIM_pouring_coins.wav
307.27,312.77,REFERENCE
307.27,309.27,PreStimSilence
312.27,312.77,PostStimSilence
313.24,318.741,TRIAL
313.24,318.74,STIM_jingling_keys.wav
313.24,318.74,REFERENCE
313.24,315.24,PreStimSilence
318.24,318.74,PostStimSilence
319.31,324.811,TRIAL
319.31,324.81,STIM_00ferretmixed42.wav
319.31,324.81,REFERENCE
319.31,321.31,PreStimSilence
324.31,324.81,PostStimSilence
325.23,330.731,TRIAL
325.23,330.73,STIM_babble.wav
325.23,330.73,REFERENCE
325.23,327.23,PreStimSilence
330.23,330.73,PostStimSilence
331.3,336.802,TRIAL
331.3,336.8,STIM_Oxford_male2e.wav
331.3,336.8,REFERENCE
331.3,333.3,PreStimSilence
336.3,336.8,PostStimSilence
337.28,342.78099999999995,TRIAL
337.28,342.78,STIM_SE2-96_New_England_Day.wav
337.28,342.78,REFERENCE
337.28,339.28,PreStimSilence
342.28,342.78,PostStimSilence
343.35,348.851,TRIAL
343.35,348.85,STIM_ASE-04_Frying_Eggs.wav
343.35,348.85,REFERENCE
343.35,345.35,PreStimSilence
348.35,348.85,PostStimSilence
349.35,354.851,TRIAL
349.35,354.85,STIM_ferretmixed39.wav
349.35,354.85,REFERENCE
349.35,351.35,PreStimSilence
354.35,354.85,PostStimSilence
355.36,360.861,TRIAL
355.36,360.86,STIM_Music-Apache.wav
355.36,360.86,REFERENCE
355.36,357.36,PreStimSilence
360.36,360.86,PostStimSilence
361.67,367.171,TRIAL
361.67,367.17,STIM_si2260.wav
361.67,367.17,REFERENCE
361.67,363.67,PreStimSilence
366.67,367.17,PostStimSilence
367.58,373.08099999999996,TRIAL
367.58,373.08,STIM_kayser_squawk.wav
367.58,373.08,REFERENCE
367.58,369.58,PreStimSilence
372.58,373.08,PostStimSilence
373.67,379.171,TRIAL
373.67,379.17,STIM_SE2-17_Wild_Dogs.wav
373.67,379.17,REFERENCE
373.67,375.67,PreStimSilence
378.67,379.17,PostStimSilence
379.64,385.14099999999996,TRIAL
379.64,385.14,STIM_applause-foreground_clapper.wav
379.64,385.14,REFERENCE
379.64,381.64,PreStimSilence
384.64,385.14,PostStimSilence
385.57,391.07099999999997,TRIAL
385.57,391.07,STIM_ferretmixed35.wav
385.57,391.07,REFERENCE
385.57,387.57,PreStimSilence
390.57,391.07,PostStimSilence
391.5,397.001,TRIAL
391.5,397.0,STIM_ferretmixed11.wav
391.5,397.0,REFERENCE
391.5,393.5,PreStimSilence
396.5,397.0,PostStimSilence
397.59,403.09099999999995,TRIAL
397.59,403.09,STIM_SE4-04_African_Drums.wav
397.59,403.09,REFERENCE
397.59,399.59,PreStimSilence
402.59,403.09,PostStimSilence
403.59,409.09099999999995,TRIAL
403.59,409.09,STIM_Oxford_male2d.wav
403.59,409.09,REFERENCE
403.59,405.59,PreStimSilence
408.59,409.09,PostStimSilence
409.53,415.03099999999995,TRIAL
409.53,415.03,STIM_00ferretmixed41.wav
409.53,415.03,REFERENCE
409.53,411.53,PreStimSilence
414.53,415.03,PostStimSilence
415.4,420.90099999999995,TRIAL
415.4,420.9,STIM_ferretmixed25.wav
415.4,420.9,REFERENCE
415.4,417.4,PreStimSilence
420.4,420.9,PostStimSilence
421.39,426.89099999999996,TRIAL
421.39,426.89,STIM_Tambourine_Shaking.wav
421.39,426.89,REFERENCE
421.39,423.39,PreStimSilence
426.39,426.89,PostStimSilence
427.36,432.861,TRIAL
427.36,432.86,STIM_Motorcycle_Leaving.wav
427.36,432.86,REFERENCE
427.36,429.36,PreStimSilence
432.36,432.86,PostStimSilence
433.46,438.96099999999996,TRIAL
433.46,438.96,STIM_Oxford_male3b.wav
433.46,438.96,REFERENCE
433.46,435.46,PreStimSilence
438.46,438.96,PostStimSilence
439.51,445.01099999999997,TRIAL
439.51,445.01,STIM_ferretmixed09.wav
439.51,445.01,REFERENCE
439.51,441.51,PreStimSilence
444.51,445.01,PostStimSilence
445.47,450.971,TRIAL
445.47,450.97,STIM_corkscrew_against_desk_edge.wav
445.47,450.97,REFERENCE
445.47,447.47,PreStimSilence
450.47,450.97,PostStimSilence
451.46,456.96099999999996,TRIAL
451.46,456.96,STIM_chewing_carrots2.wav
451.46,456.96,REFERENCE
451.46,453.46,PreStimSilence
456.46,456.96,PostStimSilence
457.49,462.991,TRIAL
457.49,462.99,STIM_ferret_babble.wav
457.49,462.99,REFERENCE
457.49,459.49,PreStimSilence
462.49,462.99,PostStimSilence
463.61,469.111,TRIAL
463.61,469.11,STIM_00ferretmixed42.wav
463.61,469.11,REFERENCE
463.61,465.61,PreStimSilence
468.61,469.11,PostStimSilence
469.56,475.061,TRIAL
469.56,475.06,STIM_00ferretmixed42.wav
469.56,475.06,REFERENCE
469.56,471.56,PreStimSilence
474.56,475.06,PostStimSilence
475.6,481.101,TRIAL
475.6,481.1,STIM_SoundBible_sewing_machine.wav
475.6,481.1,REFERENCE
475.6,477.6,PreStimSilence
480.6,481.1,PostStimSilence
482.03,487.53099999999995,TRIAL
482.03,487.53,STIM_SoundBible_birds.wav
482.03,487.53,REFERENCE
482.03,484.03,PreStimSilence
487.03,487.53,PostStimSilence
488.03,493.53099999999995,TRIAL
488.03,493.53,STIM_ferretmixed33.wav
488.03,493.53,REFERENCE
488.03,490.03,PreStimSilence
493.03,493.53,PostStimSilence
494.05,499.551,TRIAL
494.05,499.55,STIM_00Oxford_male2b.wav
494.05,499.55,REFERENCE
494.05,496.05,PreStimSilence
499.05,499.55,PostStimSilence
500.07,505.57099999999997,TRIAL
500.07,505.57,STIM_kayser_thunder.wav
500.07,505.57,REFERENCE
500.07,502.07,PreStimSilence
505.07,505.57,PostStimSilence
506.05,511.551,TRIAL
506.05,511.55,STIM_00Oxford_male2b.wav
506.05,511.55,REFERENCE
506.05,508.05,PreStimSilence
511.05,511.55,PostStimSilence
511.99,517.491,TRIAL
511.99,517.49,STIM_00Oxford_male2b.wav
511.99,517.49,REFERENCE
511.99,513.99,PreStimSilence
516.99,517.49,PostStimSilence
518.02,523.521,TRIAL
518.02,523.52,STIM_ferretmixed12.wav
518.02,523.52,REFERENCE
518.02,520.02,PreStimSilence
523.02,523.52,PostStimSilence
523.98,529.481,TRIAL
523.98,529.48,STIM_00Oxford_male2b.wav
523.98,529.48,REFERENCE
523.98,525.98,PreStimSilence
528.98,529.48,PostStimSilence
530.02,535.521,TRIAL
530.02,535.52,STIM_LBHB_scratch.wav
530.02,535.52,REFERENCE
530.02,532.02,PreStimSilence
535.02,535.52,PostStimSilence
536.06,541.5609999999999,TRIAL
536.06,541.56,STIM_SoundBible_rainforest.wav
536.06,541.56,REFERENCE
536.06,538.06,PreStimSilence
541.06,541.56,PostStimSilence
542.05,547.5509999999999,TRIAL
542.05,547.55,STIM_Oxford_male3a.wav
542.05,547.55,REFERENCE
542.05,544.05,PreStimSilence
547.05,547.55,PostStimSilence
548.22,553.721,TRIAL
548.22,553.72,STIM_ESE-40_On_board_motor_boat.wav
548.22,553.72,REFERENCE
548.22,550.22,PreStimSilence
553.22,553.72,PostStimSilence
554.25,559.751,TRIAL
554.25,559.75,STIM_00ferretmixed42.wav
554.25,559.75,REFERENCE
554.25,556.25,PreStimSilence
559.25,559.75,PostStimSilence
560.23,565.731,TRIAL
560.23,565.73,STIM_LBHB_stairs.wav
560.23,565.73,REFERENCE
560.23,562.23,PreStimSilence
565.23,565.73,PostStimSilence
566.29,571.7909999999999,TRIAL
566.29,571.79,STIM_SE1-27_Pile_Driver.wav
566.29,571.79,REFERENCE
566.29,568.29,PreStimSilence
571.29,571.79,PostStimSilence
572.28,577.781,TRIAL
572.28,577.78,STIM_00Oxford_male2b.wav
572.28,577.78,REFERENCE
572.28,574.28,PreStimSilence
577.28,577.78,PostStimSilence
578.28,583.781,TRIAL
578.28,583.78,STIM_00ferretmixed41.wav
578.28,583.78,REFERENCE
578.28,580.28,PreStimSilence
583.28,583.78,PostStimSilence
584.12,589.621,TRIAL
584.12,589.62,STIM_SoundBible_farm.wav
584.12,589.62,REFERENCE
584.12,586.12,PreStimSilence
589.12,589.62,PostStimSilence
590.14,595.641,TRIAL
590.14,595.64,STIM_wooden_blocks_falling.wav
590.14,595.64,REFERENCE
590.14,592.14,PreStimSilence
595.14,595.64,PostStimSilence
596.11,601.611,TRIAL
596.11,601.61,STIM_Castanets_steady.wav
596.11,601.61,REFERENCE
596.11,598.11,PreStimSilence
601.11,601.61,PostStimSilence
602.62,608.121,TRIAL
602.62,608.12,STIM_ASE-49_Wind_Chimes.wav
602.62,608.12,REFERENCE
602.62,604.62,PreStimSilence
607.62,608.12,PostStimSilence
608.64,614.141,TRIAL
608.64,614.14,STIM_si1377.wav
608.64,614.14,REFERENCE
608.64,610.64,PreStimSilence
613.64,614.14,PostStimSilence
614.83,620.331,TRIAL
614.83,620.33,STIM_ferretmixed36.wav
614.83,620.33,REFERENCE
614.83,616.83,PreStimSilence
619.83,620.33,PostStimSilence
620.77,626.271,TRIAL
620.77,626.27,STIM_SoundBible_mallard_frog.wav
620.77,626.27,REFERENCE
620.77,622.77,PreStimSilence
625.77,626.27,PostStimSilence
626.76,632.261,TRIAL
626.76,632.26,STIM_si1112.wav
626.76,632.26,REFERENCE
626.76,628.76,PreStimSilence
631.76,632.26,PostStimSilence
632.74,638.241,TRIAL
632.74,638.24,STIM_city.wav
632.74,638.24,REFERENCE
632.74,634.74,PreStimSilence
637.74,638.24,PostStimSilence
638.69,644.191,TRIAL
638.69,644.19,STIM_LBHB_food.wav
638.69,644.19,REFERENCE
638.69,640.69,PreStimSilence
643.69,644.19,PostStimSilence
644.7,650.202,TRIAL
644.7,650.2,STIM_fire.wav
644.7,650.2,REFERENCE
644.7,646.7,PreStimSilence
649.7,650.2,PostStimSilence
650.69,656.191,TRIAL
650.69,656.19,STIM_00Oxford_male2b.wav
650.69,656.19,REFERENCE
650.69,652.69,PreStimSilence
655.69,656.19,PostStimSilence
656.64,662.141,TRIAL
656.64,662.14,STIM_Running_Breathing.wav
656.64,662.14,REFERENCE
656.64,658.64,PreStimSilence
661.64,662.14,PostStimSilence
662.65,668.151,TRIAL
662.65,668.15,STIM_kayser_snort.wav
662.65,668.15,REFERENCE
662.65,664.65,PreStimSilence
667.65,668.15,PostStimSilence
668.55,674.0509999999999,TRIAL
668.55,674.05,STIM_si2077.wav
668.55,674.05,REFERENCE
668.55,670.55,PreStimSilence
673.55,674.05,PostStimSilence
674.72,680.221,TRIAL
674.72,680.22,STIM_LBHB_lick.wav
674.72,680.22,REFERENCE
674.72,676.72,PreStimSilence
679.72,680.22,PostStimSilence
680.67,686.1709999999999,TRIAL
680.67,686.17,STIM_LBHB_food2.wav
680.67,686.17,REFERENCE
680.67,682.67,PreStimSilence
685.67,686.17,PostStimSilence
687.32,692.821,TRIAL
687.32,692.82,"STIM_ESE-23_Sparrows_-_Large_excited_group,.wav"
687.32,692.82,REFERENCE
687.32,689.32,PreStimSilence
692.32,692.82,PostStimSilence
693.33,698.831,TRIAL
693.33,698.83,STIM_ferretmixed03.wav
693.33,698.83,REFERENCE
693.33,695.33,PreStimSilence
698.33,698.83,PostStimSilence
699.32,704.821,TRIAL
699.32,704.82,STIM_SE1-27_Pile_Driver.wav
699.32,704.82,REFERENCE
699.32,701.32,PreStimSilence
704.32,704.82,PostStimSilence
705.29,710.7909999999999,TRIAL
705.29,710.79,STIM_SoundBible_barrded_owl.wav
705.29,710.79,REFERENCE
705.29,707.29,PreStimSilence
710.29,710.79,PostStimSilence
711.24,716.741,TRIAL
711.24,716.74,STIM_SoundBible_birds.wav
711.24,716.74,REFERENCE
711.24,713.24,PreStimSilence
716.24,716.74,PostStimSilence
717.34,722.841,TRIAL
717.34,722.84,STIM_si1230.wav
717.34,722.84,REFERENCE
717.34,719.34,PreStimSilence
722.34,722.84,PostStimSilence
723.76,729.261,TRIAL
723.76,729.26,STIM_00ferretmixed42.wav
723.76,729.26,REFERENCE
723.76,725.76,PreStimSilence
728.76,729.26,PostStimSilence
729.67,735.1709999999999,TRIAL
729.67,735.17,STIM_ferretmixed30.wav
729.67,735.17,REFERENCE
729.67,731.67,PreStimSilence
734.67,735.17,PostStimSilence
735.66,741.161,TRIAL
735.66,741.16,STIM_LBHB_stairs2.wav
735.66,741.16,REFERENCE
735.66,737.66,PreStimSilence
740.66,741.16,PostStimSilence
741.79,747.2909999999999,TRIAL
741.79,747.29,STIM_SE2-56_Rattlesnake.wav
741.79,747.29,REFERENCE
741.79,743.79,PreStimSilence
746.79,747.29,PostStimSilence
747.88,753.381,TRIAL
747.88,753.38,STIM_00Oxford_male2b.wav
747.88,753.38,REFERENCE
747.88,749.88,PreStimSilence
752.88,753.38,PostStimSilence
753.78,759.281,TRIAL
753.78,759.28,STIM_si464.wav
753.78,759.28,REFERENCE
753.78,755.78,PreStimSilence
758.78,759.28,PostStimSilence
759.66,765.161,TRIAL
759.66,765.16,STIM_Music-Disco_Circus.wav
759.66,765.16,REFERENCE
759.66,761.66,PreStimSilence
764.66,765.16,PostStimSilence
765.65,771.151,TRIAL
765.65,771.15,STIM_kayser_squawk.wav
765.65,771.15,REFERENCE
765.65,767.65,PreStimSilence
770.65,771.15,PostStimSilence
771.65,777.151,TRIAL
771.65,777.15,STIM_00ferretmixed42.wav
771.65,777.15,REFERENCE
771.65,773.65,PreStimSilence
776.65,777.15,PostStimSilence
777.58,783.081,TRIAL
777.58,783.08,STIM_ross_bird_chorus60_pt1.wav
777.58,783.08,REFERENCE
777.58,779.58,PreStimSilence
782.58,783.08,PostStimSilence
783.59,789.091,TRIAL
783.59,789.09,STIM_SE2-17_Wild_Dogs.wav
783.59,789.09,REFERENCE
783.59,785.59,PreStimSilence
788.59,789.09,PostStimSilence
789.62,795.121,TRIAL
789.62,795.12,STIM_Castanets_steady.wav
789.62,795.12,REFERENCE
789.62,791.62,PreStimSilence
794.62,795.12,PostStimSilence
795.69,801.191,TRIAL
795.69,801.19,STIM_si1377.wav
795.69,801.19,REFERENCE
795.69,797.69,PreStimSilence
800.69,801.19,PostStimSilence
801.66,807.161,TRIAL
801.66,807.16,STIM_ASE-53_Electric_Grinding_Wheel.wav
801.66,807.16,REFERENCE
801.66,803.66,PreStimSilence
806.66,807.16,PostStimSilence
807.65,813.151,TRIAL
807.65,813.15,STIM_Running_Breathing.wav
807.65,813.15,REFERENCE
807.65,809.65,PreStimSilence
812.65,813.15,PostStimSilence
813.66,819.161,TRIAL
813.66,819.16,STIM_corkscrew_against_desk_edge.wav
813.66,819.16,REFERENCE
813.66,815.66,PreStimSilence
818.66,819.16,PostStimSilence
819.67,825.1709999999999,TRIAL
819.67,825.17,STIM_SoundBible_racoon_cow.wav
819.67,825.17,REFERENCE
819.67,821.67,PreStimSilence
824.67,825.17,PostStimSilence
825.66,831.161,TRIAL
825.66,831.16,STIM_ESE-25_Chickens_-_Alarmed_squawking.wav
825.66,831.16,REFERENCE
825.66,827.66,PreStimSilence
830.66,831.16,PostStimSilence
831.62,837.121,TRIAL
831.62,837.12,STIM_ESE-40_On_board_motor_boat.wav
831.62,837.12,REFERENCE
831.62,833.62,PreStimSilence
836.62,837.12,PostStimSilence
837.63,843.131,TRIAL
837.63,843.13,STIM_kayser_thunder.wav
837.63,843.13,REFERENCE
837.63,839.63,PreStimSilence
842.63,843.13,PostStimSilence
844.2,849.701,TRIAL
844.2,849.7,STIM_fire.wav
844.2,849.7,REFERENCE
844.2,846.2,PreStimSilence
849.2,849.7,PostStimSilence
850.28,855.781,TRIAL
850.28,855.78,STIM_00Oxford_male2b.wav
850.28,855.78,REFERENCE
850.28,852.28,PreStimSilence
855.28,855.78,PostStimSilence
856.22,861.721,TRIAL
856.22,861.72,STIM_ESE-68_Church_bells.wav
856.22,861.72,REFERENCE
856.22,858.22,PreStimSilence
861.22,861.72,PostStimSilence
862.22,867.721,TRIAL
862.22,867.72,STIM_00ferretmixed41.wav
862.22,867.72,REFERENCE
862.22,864.22,PreStimSilence
867.22,867.72,PostStimSilence
868.13,873.631,TRIAL
868.13,873.63,STIM_Oxford_male3b.wav
868.13,873.63,REFERENCE
868.13,870.13,PreStimSilence
873.13,873.63,PostStimSilence
874.12,879.621,TRIAL
874.12,879.62,STIM_SE4-04_African_Drums.wav
874.12,879.62,REFERENCE
874.12,876.12,PreStimSilence
879.12,879.62,PostStimSilence
880.09,885.591,TRIAL
880.09,885.59,STIM_ferretmixed12.wav
880.09,885.59,REFERENCE
880.09,882.09,PreStimSilence
885.09,885.59,PostStimSilence
886.03,891.531,TRIAL
886.03,891.53,STIM_ferretmixed36.wav
886.03,891.53,REFERENCE
886.03,888.03,PreStimSilence
891.03,891.53,PostStimSilence
892.01,897.511,TRIAL
892.01,897.51,STIM_00Oxford_male2b.wav
892.01,897.51,REFERENCE
892.01,894.01,PreStimSilence
897.01,897.51,PostStimSilence
897.9,903.401,TRIAL
897.9,903.4,STIM_00ferretmixed41.wav
897.9,903.4,REFERENCE
897.9,899.9,PreStimSilence
902.9,903.4,PostStimSilence
903.95,909.451,TRIAL
903.95,909.45,STIM_ferretmixed06.wav
903.95,909.45,REFERENCE
903.95,905.95,PreStimSilence
908.95,909.45,PostStimSilence
910.12,915.621,TRIAL
910.12,915.62,STIM_ferretmixed39.wav
910.12,915.62,REFERENCE
910.12,912.12,PreStimSilence
915.12,915.62,PostStimSilence
916.05,921.5509999999999,TRIAL
916.05,921.55,STIM_ASE-49_Wind_Chimes.wav
916.05,921.55,REFERENCE
916.05,918.05,PreStimSilence
921.05,921.55,PostStimSilence
922.06,927.5609999999999,TRIAL
922.06,927.56,STIM_LBHB_stairs.wav
922.06,927.56,REFERENCE
922.06,924.06,PreStimSilence
927.06,927.56,PostStimSilence
928.05,933.5509999999999,TRIAL
928.05,933.55,STIM_LBHB_scratch.wav
928.05,933.55,REFERENCE
928.05,930.05,PreStimSilence
933.05,933.55,PostStimSilence
933.93,939.4309999999999,TRIAL
933.93,939.43,STIM_kayser_snort.wav
933.93,939.43,REFERENCE
933.93,935.93,PreStimSilence
938.93,939.43,PostStimSilence
939.93,945.4309999999999,TRIAL
939.93,945.43,STIM_city.wav
939.93,945.43,REFERENCE
939.93,941.93,PreStimSilence
944.93,945.43,PostStimSilence
945.96,951.4630000000001,TRIAL
945.96,951.46,STIM_wooden_blocks_falling.wav
945.96,951.46,REFERENCE
945.96,947.96,PreStimSilence
950.96,951.46,PostStimSilence
951.92,957.4209999999999,TRIAL
951.92,957.42,STIM_SE2-70_Bee_Swarm.wav
951.92,957.42,REFERENCE
951.92,953.92,PreStimSilence
956.92,957.42,PostStimSilence
957.88,963.381,TRIAL
957.88,963.38,STIM_crunching_cellophane.wav
957.88,963.38,REFERENCE
957.88,959.88,PreStimSilence
962.88,963.38,PostStimSilence
964.5,970.001,TRIAL
964.5,970.0,STIM_00ferretmixed42.wav
964.5,970.0,REFERENCE
964.5,966.5,PreStimSilence
969.5,970.0,PostStimSilence
970.45,975.951,TRIAL
970.45,975.95,STIM_ferretmixed33.wav
970.45,975.95,REFERENCE
970.45,972.45,PreStimSilence
975.45,975.95,PostStimSilence
976.37,981.871,TRIAL
976.37,981.87,STIM_ferretmixed25.wav
976.37,981.87,REFERENCE
976.37,978.37,PreStimSilence
981.37,981.87,PostStimSilence
982.48,987.981,TRIAL
982.48,987.98,STIM_si1112.wav
982.48,987.98,REFERENCE
982.48,984.48,PreStimSilence
987.48,987.98,PostStimSilence
988.49,993.991,TRIAL
988.49,993.99,STIM_ferretmixed19.wav
988.49,993.99,REFERENCE
988.49,990.49,PreStimSilence
993.49,993.99,PostStimSilence
994.58,1000.081,TRIAL
994.58,1000.08,STIM_00ferretmixed42.wav
994.58,1000.08,REFERENCE
994.58,996.58,PreStimSilence
999.58,1000.08,PostStimSilence
1000.49,1005.991,TRIAL
1000.49,1005.99,STIM_Music-Apache.wav
1000.49,1005.99,REFERENCE
1000.49,1002.49,PreStimSilence
1005.49,1005.99,PostStimSilence
1006.53,1012.031,TRIAL
1006.53,1012.03,STIM_ferretmixed09.wav
1006.53,1012.03,REFERENCE
1006.53,1008.53,PreStimSilence
1011.53,1012.03,PostStimSilence
1012.51,1018.011,TRIAL
1012.51,1018.01,STIM_kayser_tropical_insects.wav
1012.51,1018.01,REFERENCE
1012.51,1014.51,PreStimSilence
1017.51,1018.01,PostStimSilence
1018.58,1024.0810000000001,TRIAL
1018.58,1024.08,STIM_00ferretmixed41.wav
1018.58,1024.08,REFERENCE
1018.58,1020.58,PreStimSilence
1023.58,1024.08,PostStimSilence
1024.65,1030.151,TRIAL
1024.65,1030.15,STIM_00ferretmixed41.wav
1024.65,1030.15,REFERENCE
1024.65,1026.65,PreStimSilence
1029.65,1030.15,PostStimSilence
1030.67,1036.171,TRIAL
1030.67,1036.17,STIM_00ferretmixed42.wav
1030.67,1036.17,REFERENCE
1030.67,1032.67,PreStimSilence
1035.67,1036.17,PostStimSilence
1036.73,1042.231,TRIAL
1036.73,1042.23,STIM_LBHB_scratch2.wav
1036.73,1042.23,REFERENCE
1036.73,1038.73,PreStimSilence
1041.73,1042.23,PostStimSilence
1042.77,1048.271,TRIAL
1042.77,1048.27,STIM_babble.wav
1042.77,1048.27,REFERENCE
1042.77,1044.77,PreStimSilence
1047.77,1048.27,PostStimSilence
1048.76,1054.261,TRIAL
1048.76,1054.26,STIM_SoundBible_rainforest.wav
1048.76,1054.26,REFERENCE
1048.76,1050.76,PreStimSilence
1053.76,1054.26,PostStimSilence
1054.74,1060.241,TRIAL
1054.74,1060.24,STIM_crumpling_paper.wav
1054.74,1060.24,REFERENCE
1054.74,1056.74,PreStimSilence
1059.74,1060.24,PostStimSilence
1060.69,1066.191,TRIAL
1060.69,1066.19,STIM_LBHB_lick.wav
1060.69,1066.19,REFERENCE
1060.69,1062.69,PreStimSilence
1065.69,1066.19,PostStimSilence
1066.72,1072.221,TRIAL
1066.72,1072.22,STIM_ferretmixed29.wav
1066.72,1072.22,REFERENCE
1066.72,1068.72,PreStimSilence
1071.72,1072.22,PostStimSilence
1072.85,1078.3509999999999,TRIAL
1072.85,1078.35,STIM_ferretmixed26.wav
1072.85,1078.35,REFERENCE
1072.85,1074.85,PreStimSilence
1077.85,1078.35,PostStimSilence
1078.94,1084.441,TRIAL
1078.94,1084.44,STIM_pouring_coins.wav
1078.94,1084.44,REFERENCE
1078.94,1080.94,PreStimSilence
1083.94,1084.44,PostStimSilence
1085.82,1091.321,TRIAL
1085.82,1091.32,STIM_SoundBible_mechanical_hammer.wav
1085.82,1091.32,REFERENCE
1085.82,1087.82,PreStimSilence
1090.82,1091.32,PostStimSilence
1091.83,1097.331,TRIAL
1091.83,1097.33,STIM_applause-foreground_clapper.wav
1091.83,1097.33,REFERENCE
1091.83,1093.83,PreStimSilence
1096.83,1097.33,PostStimSilence
1097.89,1103.391,TRIAL
1097.89,1103.39,STIM_SE2-96_New_England_Day.wav
1097.89,1103.39,REFERENCE
1097.89,1099.89,PreStimSilence
1102.89,1103.39,PostStimSilence
1103.95,1109.451,TRIAL
1103.95,1109.45,STIM_si2077.wav
1103.95,1109.45,REFERENCE
1103.95,1105.95,PreStimSilence
1108.95,1109.45,PostStimSilence
1109.89,1115.391,TRIAL
1109.89,1115.39,STIM_Tambourine_Shaking.wav
1109.89,1115.39,REFERENCE
1109.89,1111.89,PreStimSilence
1114.89,1115.39,PostStimSilence
1115.89,1121.391,TRIAL
1115.89,1121.39,STIM_00Oxford_male2b.wav
1115.89,1121.39,REFERENCE
1115.89,1117.89,PreStimSilence
1120.89,1121.39,PostStimSilence
1121.87,1127.3709999999999,TRIAL
1121.87,1127.37,STIM_jingling_keys.wav
1121.87,1127.37,REFERENCE
1121.87,1123.87,PreStimSilence
1126.87,1127.37,PostStimSilence
1127.82,1133.321,TRIAL
1127.82,1133.32,STIM_kayser_moo.wav
1127.82,1133.32,REFERENCE
1127.82,1129.82,PreStimSilence
1132.82,1133.32,PostStimSilence
1133.89,1139.391,TRIAL
1133.89,1139.39,STIM_Music-Kenya_Os_Ipanemas.wav
1133.89,1139.39,REFERENCE
1133.89,1135.89,PreStimSilence
1138.89,1139.39,PostStimSilence
1139.91,1145.411,TRIAL
1139.91,1145.41,STIM_00ferretmixed42.wav
1139.91,1145.41,REFERENCE
1139.91,1141.91,PreStimSilence
1144.91,1145.41,PostStimSilence
1145.77,1151.271,TRIAL
1145.77,1151.27,STIM_Oxford_male3a.wav
1145.77,1151.27,REFERENCE
1145.77,1147.77,PreStimSilence
1150.77,1151.27,PostStimSilence
1151.77,1157.271,TRIAL
1151.77,1157.27,STIM_00ferretmixed41.wav
1151.77,1157.27,REFERENCE
1151.77,1153.77,PreStimSilence
1156.77,1157.27,PostStimSilence
1157.75,1163.251,TRIAL
1157.75,1163.25,STIM_LBHB_food.wav
1157.75,1163.25,REFERENCE
1157.75,1159.75,PreStimSilence
1162.75,1163.25,PostStimSilence
1163.7,1169.201,TRIAL
1163.7,1169.2,STIM_00ferretmixed42.wav
1163.7,1169.2,REFERENCE
1163.7,1165.7,PreStimSilence
1168.7,1169.2,PostStimSilence
1169.68,1175.181,TRIAL
1169.68,1175.18,STIM_LBHB_food2.wav
1169.68,1175.18,REFERENCE
1169.68,1171.68,PreStimSilence
1174.68,1175.18,PostStimSilence
1175.77,1181.271,TRIAL
1175.77,1181.27,STIM_ASE-05_Blender.wav
1175.77,1181.27,REFERENCE
1175.77,1177.77,PreStimSilence
1180.77,1181.27,PostStimSilence
1181.78,1187.281,TRIAL
1181.78,1187.28,STIM_ASE-58_Raking_Leaves_On_Asphalt.wav
1181.78,1187.28,REFERENCE
1181.78,1183.78,PreStimSilence
1186.78,1187.28,PostStimSilence
1187.88,1193.381,TRIAL
1187.88,1193.38,STIM_ferretmixed22.wav
1187.88,1193.38,REFERENCE
1187.88,1189.88,PreStimSilence
1192.88,1193.38,PostStimSilence
1193.94,1199.441,TRIAL
1193.94,1199.44,STIM_ASE-04_Frying_Eggs.wav
1193.94,1199.44,REFERENCE
1193.94,1195.94,PreStimSilence
1198.94,1199.44,PostStimSilence
1199.9,1205.401,TRIAL
1199.9,1205.4,STIM_ferretmixed15.wav
1199.9,1205.4,REFERENCE
1199.9,1201.9,PreStimSilence
1204.9,1205.4,PostStimSilence
1206.7,1212.201,TRIAL
1206.7,1212.2,STIM_chewing_carrots2.wav
1206.7,1212.2,REFERENCE
1206.7,1208.7,PreStimSilence
1211.7,1212.2,PostStimSilence
1212.64,1218.141,TRIAL
1212.64,1218.14,STIM_frogs2.wav
1212.64,1218.14,REFERENCE
1212.64,1214.64,PreStimSilence
1217.64,1218.14,PostStimSilence
1218.7,1224.201,TRIAL
1218.7,1224.2,STIM_00Oxford_male2b.wav
1218.7,1224.2,REFERENCE
1218.7,1220.7,PreStimSilence
1223.7,1224.2,PostStimSilence
1224.69,1230.191,TRIAL
1224.69,1230.19,STIM_ferretmixed35.wav
1224.69,1230.19,REFERENCE
1224.69,1226.69,PreStimSilence
1229.69,1230.19,PostStimSilence
1230.58,1236.081,TRIAL
1230.58,1236.08,STIM_00ferretmixed41.wav
1230.58,1236.08,REFERENCE
1230.58,1232.58,PreStimSilence
1235.58,1236.08,PostStimSilence
1236.57,1242.071,TRIAL
1236.57,1242.07,STIM_SoundBible_sewing_machine.wav
1236.57,1242.07,REFERENCE
1236.57,1238.57,PreStimSilence
1241.57,1242.07,PostStimSilence
1242.56,1248.061,TRIAL
1242.56,1248.06,STIM_ferret_babble.wav
1242.56,1248.06,REFERENCE
1242.56,1244.56,PreStimSilence
1247.56,1248.06,PostStimSilence
1248.58,1254.081,TRIAL
1248.58,1254.08,STIM_ferretmixed17.wav
1248.58,1254.08,REFERENCE
1248.58,1250.58,PreStimSilence
1253.58,1254.08,PostStimSilence
1254.63,1260.131,TRIAL
1254.63,1260.13,STIM_ferretmixed11.wav
1254.63,1260.13,REFERENCE
1254.63,1256.63,PreStimSilence
1259.63,1260.13,PostStimSilence
1260.55,1266.051,TRIAL
1260.55,1266.05,STIM_00ferretmixed41.wav
1260.55,1266.05,REFERENCE
1260.55,1262.55,PreStimSilence
1265.55,1266.05,PostStimSilence
1266.63,1272.131,TRIAL
1266.63,1272.13,STIM_00Oxford_male2b.wav
1266.63,1272.13,REFERENCE
1266.63,1268.63,PreStimSilence
1271.63,1272.13,PostStimSilence
1272.53,1278.031,TRIAL
1272.53,1278.03,STIM_Motorcycle_Leaving.wav
1272.53,1278.03,REFERENCE
1272.53,1274.53,PreStimSilence
1277.53,1278.03,PostStimSilence
1278.65,1284.151,TRIAL
1278.65,1284.15,STIM_Oxford_male2e.wav
1278.65,1284.15,REFERENCE
1278.65,1280.65,PreStimSilence
1283.65,1284.15,PostStimSilence
1284.71,1290.211,TRIAL
1284.71,1290.21,STIM_SoundBible_falcon_squirrel.wav
1284.71,1290.21,REFERENCE
1284.71,1286.71,PreStimSilence
1289.71,1290.21,PostStimSilence
1290.76,1296.261,TRIAL
1290.76,1296.26,STIM_SoundBible_farm.wav
1290.76,1296.26,REFERENCE
1290.76,1292.76,PreStimSilence
1295.76,1296.26,PostStimSilence
1296.74,1302.241,TRIAL
1296.74,1302.24,STIM_ferretmixed10.wav
1296.74,1302.24,REFERENCE
1296.74,1298.74,PreStimSilence
1301.74,1302.24,PostStimSilence
1302.81,1308.311,TRIAL
1302.81,1308.31,STIM_SoundBible_mallard_frog.wav
1302.81,1308.31,REFERENCE
1302.81,1304.81,PreStimSilence
1307.81,1308.31,PostStimSilence
1308.76,1314.261,TRIAL
1308.76,1314.26,STIM_ASE-71_IBM_Electric_Typewriter.wav
1308.76,1314.26,REFERENCE
1308.76,1310.76,PreStimSilence
1313.76,1314.26,PostStimSilence
1314.86,1320.3609999999999,TRIAL
1314.86,1320.36,STIM_00Oxford_male2b.wav
1314.86,1320.36,REFERENCE
1314.86,1316.86,PreStimSilence
1319.86,1320.36,PostStimSilence
1320.9,1326.401,TRIAL
1320.9,1326.4,STIM_scratching_beard.wav
1320.9,1326.4,REFERENCE
1320.9,1322.9,PreStimSilence
1325.9,1326.4,PostStimSilence
1328.05,1333.551,TRIAL
1328.05,1333.55,STIM_SoundBible_water.wav
1328.05,1333.55,REFERENCE
1328.05,1330.05,PreStimSilence
1333.05,1333.55,PostStimSilence
1334.1,1339.6009999999999,TRIAL
1334.1,1339.6,STIM_Oxford_male2d.wav
1334.1,1339.6,REFERENCE
1334.1,1336.1,PreStimSilence
1339.1,1339.6,PostStimSilence
1340.05,1345.551,TRIAL
1340.05,1345.55,STIM_00ferretmixed41.wav
1340.05,1345.55,REFERENCE
1340.05,1342.05,PreStimSilence
1345.05,1345.55,PostStimSilence
1345.91,1351.411,TRIAL
1345.91,1351.41,STIM_SE3-02_Brushing_Teeth.wav
1345.91,1351.41,REFERENCE
1345.91,1347.91,PreStimSilence
1350.91,1351.41,PostStimSilence
1352.08,1357.581,TRIAL
1352.08,1357.58,STIM_ferretmixed02.wav
1352.08,1357.58,REFERENCE
1352.08,1354.08,PreStimSilence
1357.08,1357.58,PostStimSilence
1358.13,1363.631,TRIAL
1358.13,1363.63,STIM_00ferretmixed42.wav
1358.13,1363.63,REFERENCE
1358.13,1360.13,PreStimSilence
1363.13,1363.63,PostStimSilence
1364.12,1369.6209999999999,TRIAL
1364.12,1369.62,STIM_00Oxford_male2b.wav
1364.12,1369.62,REFERENCE
1364.12,1366.12,PreStimSilence
1369.12,1369.62,PostStimSilence
1370.06,1375.561,TRIAL
1370.06,1375.56,STIM_si2260.wav
1370.06,1375.56,REFERENCE
1370.06,1372.06,PreStimSilence
1375.06,1375.56,PostStimSilence
1377.2,1382.701,TRIAL
1377.2,1382.7,STIM_00ferretmixed42.wav
1377.2,1382.7,REFERENCE
1377.2,1379.2,PreStimSilence
1382.2,1382.7,PostStimSilence
1383.17,1388.672,TRIAL
1383.17,1388.67,STIM_chewing_carrots2.wav
1383.17,1388.67,REFERENCE
1383.17,1385.17,PreStimSilence
1388.17,1388.67,PostStimSilence
1389.15,1394.651,TRIAL
1389.15,1394.65,STIM_00ferretmixed41.wav
1389.15,1394.65,REFERENCE
1389.15,1391.15,PreStimSilence
1394.15,1394.65,PostStimSilence
1395.12,1400.6209999999999,TRIAL
1395.12,1400.62,STIM_ASE-49_Wind_Chimes.wav
1395.12,1400.62,REFERENCE
1395.12,1397.12,PreStimSilence
1400.12,1400.62,PostStimSilence
1401.13,1406.631,TRIAL
1401.13,1406.63,STIM_ferretmixed15.wav
1401.13,1406.63,REFERENCE
1401.13,1403.13,PreStimSilence
1406.13,1406.63,PostStimSilence
1407.23,1412.731,TRIAL
1407.23,1412.73,STIM_SoundBible_sewing_machine.wav
1407.23,1412.73,REFERENCE
1407.23,1409.23,PreStimSilence
1412.23,1412.73,PostStimSilence
1413.22,1418.721,TRIAL
1413.22,1418.72,STIM_ferretmixed19.wav
1413.22,1418.72,REFERENCE
1413.22,1415.22,PreStimSilence
1418.22,1418.72,PostStimSilence
1419.3,1424.801,TRIAL
1419.3,1424.8,STIM_00Oxford_male2b.wav
1419.3,1424.8,REFERENCE
1419.3,1421.3,PreStimSilence
1424.3,1424.8,PostStimSilence
1425.29,1430.791,TRIAL
1425.29,1430.79,STIM_ferretmixed09.wav
1425.29,1430.79,REFERENCE
1425.29,1427.29,PreStimSilence
1430.29,1430.79,PostStimSilence
1431.29,1436.791,TRIAL
1431.29,1436.79,STIM_00ferretmixed41.wav
1431.29,1436.79,REFERENCE
1431.29,1433.29,PreStimSilence
1436.29,1436.79,PostStimSilence
1437.34,1442.841,TRIAL
1437.34,1442.84,STIM_Castanets_steady.wav
1437.34,1442.84,REFERENCE
1437.34,1439.34,PreStimSilence
1442.34,1442.84,PostStimSilence
1443.29,1448.791,TRIAL
1443.29,1448.79,STIM_SE2-96_New_England_Day.wav
1443.29,1448.79,REFERENCE
1443.29,1445.29,PreStimSilence
1448.29,1448.79,PostStimSilence
1450.49,1455.991,TRIAL
1450.49,1455.99,STIM_ASE-05_Blender.wav
1450.49,1455.99,REFERENCE
1450.49,1452.49,PreStimSilence
1455.49,1455.99,PostStimSilence
1456.48,1461.981,TRIAL
1456.48,1461.98,STIM_00ferretmixed42.wav
1456.48,1461.98,REFERENCE
1456.48,1458.48,PreStimSilence
1461.48,1461.98,PostStimSilence
1462.51,1468.011,TRIAL
1462.51,1468.01,STIM_00ferretmixed42.wav
1462.51,1468.01,REFERENCE
1462.51,1464.51,PreStimSilence
1467.51,1468.01,PostStimSilence
1468.5,1474.001,TRIAL
1468.5,1474.0,STIM_kayser_thunder.wav
1468.5,1474.0,REFERENCE
1468.5,1470.5,PreStimSilence
1473.5,1474.0,PostStimSilence
1474.45,1479.951,TRIAL
1474.45,1479.95,STIM_ferretmixed39.wav
1474.45,1479.95,REFERENCE
1474.45,1476.45,PreStimSilence
1479.45,1479.95,PostStimSilence
1480.45,1485.951,TRIAL
1480.45,1485.95,STIM_SE3-02_Brushing_Teeth.wav
1480.45,1485.95,REFERENCE
1480.45,1482.45,PreStimSilence
1485.45,1485.95,PostStimSilence
1486.45,1491.951,TRIAL
1486.45,1491.95,STIM_SoundBible_water.wav
1486.45,1491.95,REFERENCE
1486.45,1488.45,PreStimSilence
1491.45,1491.95,PostStimSilence
1492.43,1497.931,TRIAL
1492.43,1497.93,STIM_crunching_cellophane.wav
1492.43,1497.93,REFERENCE
1492.43,1494.43,PreStimSilence
1497.43,1497.93,PostStimSilence
1498.47,1503.971,TRIAL
1498.47,1503.97,STIM_pouring_coins.wav
1498.47,1503.97,REFERENCE
1498.47,1500.47,PreStimSilence
1503.47,1503.97,PostStimSilence
1504.54,1510.041,TRIAL
1504.54,1510.04,STIM_ASE-71_IBM_Electric_Typewriter.wav
1504.54,1510.04,REFERENCE
1504.54,1506.54,PreStimSilence
1509.54,1510.04,PostStimSilence
1510.46,1515.961,TRIAL
1510.46,1515.96,STIM_ferret_babble.wav
1510.46,1515.96,REFERENCE
1510.46,1512.46,PreStimSilence
1515.46,1515.96,PostStimSilence
1516.45,1521.951,TRIAL
1516.45,1521.95,STIM_Music-Disco_Circus.wav
1516.45,1521.95,REFERENCE
1516.45,1518.45,PreStimSilence
1521.45,1521.95,PostStimSilence
1522.35,1527.8509999999999,TRIAL
1522.35,1527.85,STIM_si1377.wav
1522.35,1527.85,REFERENCE
1522.35,1524.35,PreStimSilence
1527.35,1527.85,PostStimSilence
1528.32,1533.821,TRIAL
1528.32,1533.82,STIM_ESE-40_On_board_motor_boat.wav
1528.32,1533.82,REFERENCE
1528.32,1530.32,PreStimSilence
1533.32,1533.82,PostStimSilence
1534.46,1539.961,TRIAL
1534.46,1539.96,STIM_00ferretmixed41.wav
1534.46,1539.96,REFERENCE
1534.46,1536.46,PreStimSilence
1539.46,1539.96,PostStimSilence
1540.55,1546.051,TRIAL
1540.55,1546.05,"STIM_ESE-23_Sparrows_-_Large_excited_group,.wav"
1540.55,1546.05,REFERENCE
1540.55,1542.55,PreStimSilence
1545.55,1546.05,PostStimSilence
1546.53,1552.031,TRIAL
1546.53,1552.03,STIM_Oxford_male2d.wav
1546.53,1552.03,REFERENCE
1546.53,1548.53,PreStimSilence
1551.53,1552.03,PostStimSilence
1552.49,1557.991,TRIAL
1552.49,1557.99,STIM_si1112.wav
1552.49,1557.99,REFERENCE
1552.49,1554.49,PreStimSilence
1557.49,1557.99,PostStimSilence
1558.64,1564.141,TRIAL
1558.64,1564.14,STIM_ferretmixed25.wav
1558.64,1564.14,REFERENCE
1558.64,1560.64,PreStimSilence
1563.64,1564.14,PostStimSilence
1564.61,1570.1109999999999,TRIAL
1564.61,1570.11,STIM_ESE-68_Church_bells.wav
1564.61,1570.11,REFERENCE
1564.61,1566.61,PreStimSilence
1569.61,1570.11,PostStimSilence
1571.66,1577.161,TRIAL
1571.66,1577.16,STIM_frogs2.wav
1571.66,1577.16,REFERENCE
1571.66,1573.66,PreStimSilence
1576.66,1577.16,PostStimSilence
1577.6,1583.1009999999999,TRIAL
1577.6,1583.1,STIM_00Oxford_male2b.wav
1577.6,1583.1,REFERENCE
1577.6,1579.6,PreStimSilence
1582.6,1583.1,PostStimSilence
1583.53,1589.031,TRIAL
1583.53,1589.03,STIM_SoundBible_farm.wav
1583.53,1589.03,REFERENCE
1583.53,1585.53,PreStimSilence
1588.53,1589.03,PostStimSilence
1589.55,1595.051,TRIAL
1589.55,1595.05,STIM_Oxford_male3a.wav
1589.55,1595.05,REFERENCE
1589.55,1591.55,PreStimSilence
1594.55,1595.05,PostStimSilence
1595.49,1600.991,TRIAL
1595.49,1600.99,STIM_00Oxford_male2b.wav
1595.49,1600.99,REFERENCE
1595.49,1597.49,PreStimSilence
1600.49,1600.99,PostStimSilence
1601.53,1607.031,TRIAL
1601.53,1607.03,STIM_00ferretmixed42.wav
1601.53,1607.03,REFERENCE
1601.53,1603.53,PreStimSilence
1606.53,1607.03,PostStimSilence
1607.51,1613.011,TRIAL
1607.51,1613.01,STIM_00Oxford_male2b.wav
1607.51,1613.01,REFERENCE
1607.51,1609.51,PreStimSilence
1612.51,1613.01,PostStimSilence
1613.78,1619.281,TRIAL
1613.78,1619.28,STIM_00ferretmixed41.wav
1613.78,1619.28,REFERENCE
1613.78,1615.78,PreStimSilence
1618.78,1619.28,PostStimSilence
1619.78,1625.281,TRIAL
1619.78,1625.28,STIM_00ferretmixed42.wav
1619.78,1625.28,REFERENCE
1619.78,1621.78,PreStimSilence
1624.78,1625.28,PostStimSilence
1625.86,1631.3609999999999,TRIAL
1625.86,1631.36,STIM_si2260.wav
1625.86,1631.36,REFERENCE
1625.86,1627.86,PreStimSilence
1630.86,1631.36,PostStimSilence
1631.88,1637.381,TRIAL
1631.88,1637.38,STIM_00ferretmixed41.wav
1631.88,1637.38,REFERENCE
1631.88,1633.88,PreStimSilence
1636.88,1637.38,PostStimSilence
1638.02,1643.521,TRIAL
1638.02,1643.52,STIM_00ferretmixed41.wav
1638.02,1643.52,REFERENCE
1638.02,1640.02,PreStimSilence
1643.02,1643.52,PostStimSilence
1644.15,1649.651,TRIAL
1644.15,1649.65,STIM_scratching_beard.wav
1644.15,1649.65,REFERENCE
1644.15,1646.15,PreStimSilence
1649.15,1649.65,PostStimSilence
1650.09,1655.591,TRIAL
1650.09,1655.59,STIM_Oxford_male2e.wav
1650.09,1655.59,REFERENCE
1650.09,1652.09,PreStimSilence
1655.09,1655.59,PostStimSilence
1656.08,1661.581,TRIAL
1656.08,1661.58,STIM_corkscrew_against_desk_edge.wav
1656.08,1661.58,REFERENCE
1656.08,1658.08,PreStimSilence
1661.08,1661.58,PostStimSilence
1662.15,1667.651,TRIAL
1662.15,1667.65,STIM_00ferretmixed41.wav
1662.15,1667.65,REFERENCE
1662.15,1664.15,PreStimSilence
1667.15,1667.65,PostStimSilence
1668.24,1673.741,TRIAL
1668.24,1673.74,STIM_kayser_squawk.wav
1668.24,1673.74,REFERENCE
1668.24,1670.24,PreStimSilence
1673.24,1673.74,PostStimSilence
1674.26,1679.761,TRIAL
1674.26,1679.76,STIM_SE2-17_Wild_Dogs.wav
1674.26,1679.76,REFERENCE
1674.26,1676.26,PreStimSilence
1679.26,1679.76,PostStimSilence
1680.43,1685.931,TRIAL
1680.43,1685.93,STIM_ESE-25_Chickens_-_Alarmed_squawking.wav
1680.43,1685.93,REFERENCE
1680.43,1682.43,PreStimSilence
1685.43,1685.93,PostStimSilence
1686.33,1691.831,TRIAL
1686.33,1691.83,STIM_00ferretmixed42.wav
1686.33,1691.83,REFERENCE
1686.33,1688.33,PreStimSilence
1691.33,1691.83,PostStimSilence
1693.5,1699.001,TRIAL
1693.5,1699.0,STIM_wooden_blocks_falling.wav
1693.5,1699.0,REFERENCE
1693.5,1695.5,PreStimSilence
1698.5,1699.0,PostStimSilence
1699.49,1704.991,TRIAL
1699.49,1704.99,STIM_SE2-70_Bee_Swarm.wav
1699.49,1704.99,REFERENCE
1699.49,1701.49,PreStimSilence
1704.49,1704.99,PostStimSilence
1705.33,1710.831,TRIAL
1705.33,1710.83,STIM_jingling_keys.wav
1705.33,1710.83,REFERENCE
1705.33,1707.33,PreStimSilence
1710.33,1710.83,PostStimSilence
1711.31,1716.811,TRIAL
1711.31,1716.81,STIM_00ferretmixed42.wav
1711.31,1716.81,REFERENCE
1711.31,1713.31,PreStimSilence
1716.31,1716.81,PostStimSilence
1717.38,1722.881,TRIAL
1717.38,1722.88,STIM_ferretmixed26.wav
1717.38,1722.88,REFERENCE
1717.38,1719.38,PreStimSilence
1722.38,1722.88,PostStimSilence
1723.41,1728.911,TRIAL
1723.41,1728.91,STIM_SoundBible_barrded_owl.wav
1723.41,1728.91,REFERENCE
1723.41,1725.41,PreStimSilence
1728.41,1728.91,PostStimSilence
1729.41,1734.911,TRIAL
1729.41,1734.91,STIM_city.wav
1729.41,1734.91,REFERENCE
1729.41,1731.41,PreStimSilence
1734.41,1734.91,PostStimSilence
1735.35,1740.8509999999999,TRIAL
1735.35,1740.85,STIM_si464.wav
1735.35,1740.85,REFERENCE
1735.35,1737.35,PreStimSilence
1740.35,1740.85,PostStimSilence
1741.24,1746.741,TRIAL
1741.24,1746.74,STIM_00ferretmixed41.wav
1741.24,1746.74,REFERENCE
1741.24,1743.24,PreStimSilence
1746.24,1746.74,PostStimSilence
1747.14,1752.641,TRIAL
1747.14,1752.64,STIM_SoundBible_racoon_cow.wav
1747.14,1752.64,REFERENCE
1747.14,1749.14,PreStimSilence
1752.14,1752.64,PostStimSilence
1753.2,1758.701,TRIAL
1753.2,1758.7,STIM_ross_bird_chorus60_pt1.wav
1753.2,1758.7,REFERENCE
1753.2,1755.2,PreStimSilence
1758.2,1758.7,PostStimSilence
1759.3,1764.801,TRIAL
1759.3,1764.8,STIM_LBHB_food.wav
1759.3,1764.8,REFERENCE
1759.3,1761.3,PreStimSilence
1764.3,1764.8,PostStimSilence
1765.48,1770.981,TRIAL
1765.48,1770.98,STIM_ferretmixed06.wav
1765.48,1770.98,REFERENCE
1765.48,1767.48,PreStimSilence
1770.48,1770.98,PostStimSilence
1771.52,1777.021,TRIAL
1771.52,1777.02,STIM_LBHB_scratch2.wav
1771.52,1777.02,REFERENCE
1771.52,1773.52,PreStimSilence
1776.52,1777.02,PostStimSilence
1777.67,1783.171,TRIAL
1777.67,1783.17,STIM_ferretmixed02.wav
1777.67,1783.17,REFERENCE
1777.67,1779.67,PreStimSilence
1782.67,1783.17,PostStimSilence
1783.69,1789.191,TRIAL
1783.69,1789.19,STIM_00Oxford_male2b.wav
1783.69,1789.19,REFERENCE
1783.69,1785.69,PreStimSilence
1788.69,1789.19,PostStimSilence
1789.65,1795.151,TRIAL
1789.65,1795.15,STIM_SoundBible_mallard_frog.wav
1789.65,1795.15,REFERENCE
1789.65,1791.65,PreStimSilence
1794.65,1795.15,PostStimSilence
1795.72,1801.221,TRIAL
1795.72,1801.22,STIM_00ferretmixed42.wav
1795.72,1801.22,REFERENCE
1795.72,1797.72,PreStimSilence
1800.72,1801.22,PostStimSilence
1801.68,1807.181,TRIAL
1801.68,1807.18,STIM_SE2-56_Rattlesnake.wav
1801.68,1807.18,REFERENCE
1801.68,1803.68,PreStimSilence
1806.68,1807.18,PostStimSilence
1807.63,1813.131,TRIAL
1807.63,1813.13,STIM_00Oxford_male2b.wav
1807.63,1813.13,REFERENCE
1807.63,1809.63,PreStimSilence
1812.63,1813.13,PostStimSilence
1814.77,1820.271,TRIAL
1814.77,1820.27,STIM_si2077.wav
1814.77,1820.27,REFERENCE
1814.77,1816.77,PreStimSilence
1819.77,1820.27,PostStimSilence
1820.95,1826.451,TRIAL
1820.95,1826.45,STIM_LBHB_scratch.wav
1820.95,1826.45,REFERENCE
1820.95,1822.95,PreStimSilence
1825.95,1826.45,PostStimSilence
1826.93,1832.431,TRIAL
1826.93,1832.43,STIM_ferretmixed29.wav
1826.93,1832.43,REFERENCE
1826.93,1828.93,PreStimSilence
1831.93,1832.43,PostStimSilence
1832.85,1838.3509999999999,TRIAL
1832.85,1838.35,STIM_ferretmixed35.wav
1832.85,1838.35,REFERENCE
1832.85,1834.85,PreStimSilence
1837.85,1838.35,PostStimSilence
1838.78,1844.281,TRIAL
1838.78,1844.28,STIM_kayser_snort.wav
1838.78,1844.28,REFERENCE
1838.78,1840.78,PreStimSilence
1843.78,1844.28,PostStimSilence
1844.77,1850.271,TRIAL
1844.77,1850.27,STIM_ferretmixed12.wav
1844.77,1850.27,REFERENCE
1844.77,1846.77,PreStimSilence
1849.77,1850.27,PostStimSilence
1850.81,1856.311,TRIAL
1850.81,1856.31,STIM_Oxford_male3b.wav
1850.81,1856.31,REFERENCE
1850.81,1852.81,PreStimSilence
1855.81,1856.31,PostStimSilence
1856.74,1862.241,TRIAL
1856.74,1862.24,STIM_ferretmixed30.wav
1856.74,1862.24,REFERENCE
1856.74,1858.74,PreStimSilence
1861.74,1862.24,PostStimSilence
1862.68,1868.181,TRIAL
1862.68,1868.18,STIM_LBHB_stairs.wav
1862.68,1868.18,REFERENCE
1862.68,1864.68,PreStimSilence
1867.68,1868.18,PostStimSilence
1868.72,1874.221,TRIAL
1868.72,1874.22,STIM_Music-Apache.wav
1868.72,1874.22,REFERENCE
1868.72,1870.72,PreStimSilence
1873.72,1874.22,PostStimSilence
1874.7,1880.201,TRIAL
1874.7,1880.2,STIM_applause-foreground_clapper.wav
1874.7,1880.2,REFERENCE
1874.7,1876.7,PreStimSilence
1879.7,1880.2,PostStimSilence
1880.82,1886.321,TRIAL
1880.82,1886.32,STIM_SE1-27_Pile_Driver.wav
1880.82,1886.32,REFERENCE
1880.82,1882.82,PreStimSilence
1885.82,1886.32,PostStimSilence
1886.83,1892.331,TRIAL
1886.83,1892.33,STIM_ferretmixed11.wav
1886.83,1892.33,REFERENCE
1886.83,1888.83,PreStimSilence
1891.83,1892.33,PostStimSilence
1892.93,1898.431,TRIAL
1892.93,1898.43,STIM_ferretmixed10.wav
1892.93,1898.43,REFERENCE
1892.93,1894.93,PreStimSilence
1897.93,1898.43,PostStimSilence
1898.96,1904.461,TRIAL
1898.96,1904.46,STIM_ASE-58_Raking_Leaves_On_Asphalt.wav
1898.96,1904.46,REFERENCE
1898.96,1900.96,PreStimSilence
1903.96,1904.46,PostStimSilence
1905.03,1910.531,TRIAL
1905.03,1910.53,STIM_si1230.wav
1905.03,1910.53,REFERENCE
1905.03,1907.03,PreStimSilence
1910.03,1910.53,PostStimSilence
1910.95,1916.451,TRIAL
1910.95,1916.45,STIM_fire.wav
1910.95,1916.45,REFERENCE
1910.95,1912.95,PreStimSilence
1915.95,1916.45,PostStimSilence
1917.13,1922.631,TRIAL
1917.13,1922.63,STIM_SoundBible_rainforest.wav
1917.13,1922.63,REFERENCE
1917.13,1919.13,PreStimSilence
1922.13,1922.63,PostStimSilence
1923.08,1928.581,TRIAL
1923.08,1928.58,STIM_LBHB_lick.wav
1923.08,1928.58,REFERENCE
1923.08,1925.08,PreStimSilence
1928.08,1928.58,PostStimSilence
1929.11,1934.6109999999999,TRIAL
1929.11,1934.61,STIM_Motorcycle_Leaving.wav
1929.11,1934.61,REFERENCE
1929.11,1931.11,PreStimSilence
1934.11,1934.61,PostStimSilence
1936.41,1941.911,TRIAL
1936.41,1941.91,STIM_SE4-04_African_Drums.wav
1936.41,1941.91,REFERENCE
1936.41,1938.41,PreStimSilence
1941.41,1941.91,PostStimSilence
1942.41,1947.911,TRIAL
1942.41,1947.91,STIM_babble.wav
1942.41,1947.91,REFERENCE
1942.41,1944.41,PreStimSilence
1947.41,1947.91,PostStimSilence
1948.31,1953.811,TRIAL
1948.31,1953.81,STIM_LBHB_food2.wav
1948.31,1953.81,REFERENCE
1948.31,1950.31,PreStimSilence
1953.31,1953.81,PostStimSilence
1954.32,1959.821,TRIAL
1954.32,1959.82,STIM_ferretmixed17.wav
1954.32,1959.82,REFERENCE
1954.32,1956.32,PreStimSilence
1959.32,1959.82,PostStimSilence
1960.22,1965.721,TRIAL
1960.22,1965.72,STIM_ferretmixed03.wav
1960.22,1965.72,REFERENCE
1960.22,1962.22,PreStimSilence
1965.22,1965.72,PostStimSilence
1966.16,1971.661,TRIAL
1966.16,1971.66,STIM_SoundBible_falcon_squirrel.wav
1966.16,1971.66,REFERENCE
1966.16,1968.16,PreStimSilence
1971.16,1971.66,PostStimSilence
1972.21,1977.711,TRIAL
1972.21,1977.71,STIM_LBHB_stairs2.wav
1972.21,1977.71,REFERENCE
1972.21,1974.21,PreStimSilence
1977.21,1977.71,PostStimSilence
1978.28,1983.781,TRIAL
1978.28,1983.78,STIM_kayser_tropical_insects.wav
1978.28,1983.78,REFERENCE
1978.28,1980.28,PreStimSilence
1983.28,1983.78,PostStimSilence
1984.32,1989.821,TRIAL
1984.32,1989.82,STIM_kayser_moo.wav
1984.32,1989.82,REFERENCE
1984.32,1986.32,PreStimSilence
1989.32,1989.82,PostStimSilence
1990.41,1995.912,TRIAL
1990.41,1995.91,STIM_ferretmixed36.wav
1990.41,1995.91,REFERENCE
1990.41,1992.41,PreStimSilence
1995.41,1995.91,PostStimSilence
1996.42,2001.921,TRIAL
1996.42,2001.92,STIM_SoundBible_birds.wav
1996.42,2001.92,REFERENCE
1996.42,1998.42,PreStimSilence
2001.42,2001.92,PostStimSilence
2002.43,2007.931,TRIAL
2002.43,2007.93,STIM_ferretmixed33.wav
2002.43,2007.93,REFERENCE
2002.43,2004.43,PreStimSilence
2007.43,2007.93,PostStimSilence
2008.4,2013.901,TRIAL
2008.4,2013.9,STIM_00Oxford_male2b.wav
2008.4,2013.9,REFERENCE
2008.4,2010.4,PreStimSilence
2013.4,2013.9,PostStimSilence
2014.56,2020.061,TRIAL
2014.56,2020.06,STIM_ASE-53_Electric_Grinding_Wheel.wav
2014.56,2020.06,REFERENCE
2014.56,2016.56,PreStimSilence
2019.56,2020.06,PostStimSilence
2020.57,2026.071,TRIAL
2020.57,2026.07,STIM_crumpling_paper.wav
2020.57,2026.07,REFERENCE
2020.57,2022.57,PreStimSilence
2025.57,2026.07,PostStimSilence
2026.52,2032.021,TRIAL
2026.52,2032.02,STIM_00Oxford_male2b.wav
2026.52,2032.02,REFERENCE
2026.52,2028.52,PreStimSilence
2031.52,2032.02,PostStimSilence
2032.6,2038.1009999999999,TRIAL
2032.6,2038.1,STIM_Tambourine_Shaking.wav
2032.6,2038.1,REFERENCE
2032.6,2034.6,PreStimSilence
2037.6,2038.1,PostStimSilence
2038.66,2044.161,TRIAL
2038.66,2044.16,STIM_SoundBible_mechanical_hammer.wav
2038.66,2044.16,REFERENCE
2038.66,2040.66,PreStimSilence
2043.66,2044.16,PostStimSilence
2044.73,2050.231,TRIAL
2044.73,2050.23,STIM_ASE-04_Frying_Eggs.wav
2044.73,2050.23,REFERENCE
2044.73,2046.73,PreStimSilence
2049.73,2050.23,PostStimSilence
2050.67,2056.1710000000003,TRIAL
2050.67,2056.17,STIM_Running_Breathing.wav
2050.67,2056.17,REFERENCE
2050.67,2052.67,PreStimSilence
2055.67,2056.17,PostStimSilence
2058.07,2063.5710000000004,TRIAL
2058.07,2063.57,STIM_ferretmixed22.wav
2058.07,2063.57,REFERENCE
2058.07,2060.07,PreStimSilence
2063.07,2063.57,PostStimSilence
2064.23,2069.731,TRIAL
2064.23,2069.73,STIM_Music-Kenya_Os_Ipanemas.wav
2064.23,2069.73,REFERENCE
2064.23,2066.23,PreStimSilence
2069.23,2069.73,PostStimSilence
0.0,2069.731,PRE_PASSIVE
